town_city,town_avg_price
ABBOTS LANGLEY,96227.03125
ABERAERON,159000.0
ABERDARE,36334.51351351351
ABERDOVEY,49333.333333333336
ABERGAVENNY,70194.8275862069
ABERGELE,52012.5
ABERTILLERY,24484.782608695652
ABERYSTWYTH,65723.375
ABINGDON,78516.27551020408
ACCRINGTON,36575.666666666664
ADDLESTONE,95961.32075471699
ALCESTER,75726.73076923077
ALDEBURGH,83174.64285714286
ALDERLEY EDGE,156046.42857142858
ALDERSHOT,67309.53846153847
ALFORD,45328.68421052631
ALFRETON,41544.494505494506
ALNWICK,54392.10526315789
ALRESFORD,116349.96
ALSTON,32874.75
ALTON,113220.73333333334
ALTRINCHAM,97750.38461538461
AMBLESIDE,76675.0
AMERSHAM,138012.24489795917
AMLWCH,28679.166666666668
AMMANFORD,43118.181818181816
ANDOVER,85200.95689655172
APPLEBY-IN-WESTMORLAND,48285.71428571428
ARLESEY,55070.71428571428
ARUNDEL,91416.66666666667
ASCOT,150788.13559322033
ASHBOURNE,79180.11363636363
ASHBY-DE-LA-ZOUCH,78689.0625
ASHFORD,73543.36111111111
ASHINGTON,41777.35849056604
ASHTEAD,126575.0
ASHTON-UNDER-LYNE,38413.3
ASKAM-IN-FURNESS,35742.857142857145
ATHERSTONE,63949.63636363636
ATTLEBOROUGH,53025.68965517241
AXBRIDGE,78642.85714285714
AXMINSTER,69434.21052631579
AYLESBURY,81685.08810572687
AYLESFORD,71800.61111111111
BACUP,35141.17647058824
BADMINTON,135666.66666666666
BAGILLT,40975.0
BAGSHOT,117434.0
BAKEWELL,75545.45454545454
BALA,30750.0
BALDOCK,72821.4705882353
BAMPTON,99714.28571428571
BANBURY,83977.96
BANGOR,46383.333333333336
BANSTEAD,127445.81081081081
BANWELL,44249.5
BARGOED,30597.058823529413
BARKING,61844.756097560974
BARMOUTH,29750.0
BARNARD CASTLE,54630.769230769234
BARNET,107121.00917431193
BARNETBY,46000.0
BARNOLDSWICK,36897.36842105263
BARNSLEY,46534.61089494164
BARNSTAPLE,58311.09821428572
BARROW-IN-FURNESS,33786.470588235294
BARROW-UPON-HUMBER,65091.42857142857
BARRY,49068.01851851852
BARTON-UPON-HUMBER,43800.0
BASILDON,57784.610256410255
BASINGSTOKE,73616.97727272728
BATH,84781.06060606061
BATLEY,37383.333333333336
BATTLE,113553.57142857143
BEACONSFIELD,190846.875
BEAMINSTER,72950.77777777778
BEAUMARIS,65678.57142857143
BEAWORTHY,64112.5
BECCLES,60071.62162162162
BECKENHAM,90468.17647058824
BECKERMET,39000.0
BEDALE,77612.5
BEDFORD,69732.62248995985
BEDLINGTON,48005.485714285714
BEDWORTH,45911.818181818184
BELFORD,61048.6
BELPER,61764.42307692308
BELVEDERE,57224.25
BEMBRIDGE,68000.0
BENFLEET,66824.75490196078
BERKELEY,66987.5
BERKHAMSTED,100391.80327868853
BERWICK-UPON-TWEED,59652.681818181816
BETCHWORTH,133760.0
BETWS-Y-COED,34999.0
BEVERLEY,66955.93457943926
BEWDLEY,77834.61538461539
BEXHILL-ON-SEA,52178.018867924526
BEXLEY,94937.14285714286
BEXLEYHEATH,75700.85714285714
BICESTER,81360.08088235294
BIDEFORD,58824.28571428572
BIGGLESWADE,57409.32692307692
BILLERICAY,91486.05376344085
BILLINGHAM,51396.95652173913
BILLINGSHURST,113132.27272727272
BILSTON,46848.729166666664
BINGLEY,57198.5
BIRCHINGTON,60988.40909090909
BIRKENHEAD,30477.5
BIRMINGHAM,53000.687138728324
BISHOP AUCKLAND,46203.23863636364
BISHOP'S STORTFORD,93142.16783216783
BISHOPS CASTLE,39610.0
BLACKBURN,40429.88771929825
BLACKPOOL,45470.190311418686
BLACKWOOD,44625.71052631579
BLAENAU FFESTINIOG,41968.75
BLAKENEY,37000.0
BLANDFORD FORUM,70989.81481481482
BLAYDON-ON-TYNE,37570.833333333336
BLYTH,41453.508771929824
BODMIN,65339.47368421053
BODORGAN,65000.0
BOGNOR REGIS,62731.120218579235
BOLDON COLLIERY,53069.230769230766
BOLTON,47924.836477987425
BOOTLE,33566.84126984127
BORDON,74102.44230769231
BOREHAMWOOD,76783.35714285714
BORTH,74250.0
BOSCASTLE,46000.0
BOSTON,42118.47967479675
BOURNE,56354.15254237288
BOURNE END,108142.82608695653
BOURNEMOUTH,59842.93952483801
BOW STREET,39750.0
BRACKLEY,70703.85245901639
BRACKNELL,87668.89545454546
BRADFORD,43522.02746365105
BRADFORD-ON-AVON,81276.0
BRAINTREE,67158.41525423729
BRAMPTON,55213.333333333336
BRANDON,46521.619047619046
BRAUNTON,68833.04347826086
BRECON,58060.0
BRENTFORD,82453.125
BRENTWOOD,95856.90909090909
BRIDGEND,47536.620689655174
BRIDGNORTH,72174.96721311475
BRIDGWATER,53063.64661654135
BRIDLINGTON,51742.142857142855
BRIDPORT,73686.57575757576
BRIERLEY HILL,43398.85897435898
BRIGG,46735.89743589744
BRIGHOUSE,47577.65957446808
BRIGHTON,60370.75806451613
BRISTOL,62861.97748064743
BRIXHAM,55832.12962962963
BROADSTAIRS,59410.625
BROADSTONE,96134.72222222222
BROADWAY,102207.14285714286
BROCKENHURST,258055.55555555556
BROMLEY,96905.484375
BROMSGROVE,74363.125
BROMYARD,55493.88888888889
BROSELEY,64737.5
BROUGH,65818.6046511628
BROUGHTON-IN-FURNESS,56250.0
BROXBOURNE,92877.85714285714
BRUTON,73890.0
BUCKFASTLEIGH,41768.75
BUCKHURST HILL,117937.83783783784
BUCKINGHAM,96316.6447368421
BUCKLEY,40411.11111111111
BUCKNELL,107666.66666666667
BUDE,57728.333333333336
BUDLEIGH SALTERTON,111880.0
BUILTH WELLS,58350.0
BUNGAY,58219.230769230766
BUNTINGFORD,109580.95238095238
BURES,24000.0
BURFORD,143300.0
BURGESS HILL,72488.31395348837
BURNHAM-ON-CROUCH,54116.666666666664
BURNHAM-ON-SEA,54735.0
BURNLEY,40437.841584158414
BURNTWOOD,58575.892857142855
BURRY PORT,51795.625
BURTON-ON-TRENT,47878.11875
BURY,50453.04587155963
BURY ST EDMUNDS,46250.0
BURY ST. EDMUNDS,67018.42307692308
BUSHEY,113502.04081632652
BUXTON,65201.33928571428
CAERNARFON,47082.857142857145
CAERPHILLY,48256.395604395606
CAERSWS,32500.0
CALDICOT,63643.75862068965
CALLINGTON,49482.142857142855
CALNE,68507.24137931035
CALSTOCK,28000.0
CAMBERLEY,93603.97887323944
CAMBORNE,36788.46153846154
CAMBRIDGE,90174.84648187633
CAMELFORD,51250.0
CANNOCK,50230.929203539825
CANTERBURY,71907.32026143791
CANVEY ISLAND,55658.653846153844
CARDIFF,57899.52486187845
CARDIGAN,55200.0
CARLISLE,49409.14110429448
CARMARTHEN,54700.0
CARNFORTH,73523.31666666667
CARSHALTON,87070.60606060606
CARTERTON,80026.38461538461
CASTLE CARY,40241.666666666664
CASTLEFORD,40543.72549019608
CATERHAM,106624.77777777778
CATTERICK GARRISON,47416.666666666664
CEMAES BAY,38250.0
CHALFONT ST GILES,143000.0
CHALFONT ST. GILES,239892.85714285713
CHARD,58940.12195121951
CHATHAM,51020.343373493975
CHATHILL,62833.333333333336
CHATTERIS,47853.475
CHEADLE,69938.06818181818
CHEDDAR,67130.95238095238
CHELMSFORD,69563.29344729344
CHELTENHAM,71888.71703296703
CHEPSTOW,69883.23529411765
CHERTSEY,105987.73809523809
CHESHAM,92674.32432432432
CHESSINGTON,76642.91304347826
CHESTER,64684.80859375
CHESTER LE STREET,56640.27333333333
CHESTERFIELD,48065.10332103321
CHICHESTER,87469.29012345678
CHIGWELL,148522.0
CHINNOR,85445.0
CHIPPENHAM,75480.77358490566
CHIPPING CAMPDEN,111698.18181818182
CHIPPING NORTON,90473.33333333333
CHISLEHURST,131562.02702702704
CHOPPINGTON,44068.35294117647
CHORLEY,52156.76
CHRISTCHURCH,77554.08450704225
CHULMLEIGH,68090.0
CHURCH STRETTON,91620.83333333333
CINDERFORD,43828.07692307692
CIRENCESTER,91259.93589743589
CLACTON-ON-SEA,49398.7945945946
CLARBESTON ROAD,39000.0
CLEATOR,31625.0
CLEATOR MOOR,34750.0
CLECKHEATON,47997.80434782609
CLEETHORPES,47867.529411764706
CLEVEDON,64994.649122807015
CLITHEROE,68198.87804878049
CLYNDERWEN,120000.0
COALVILLE,60726.903225806454
COBHAM,236669.44444444444
COCKERMOUTH,64013.194444444445
COLCHESTER,65007.31476997579
COLEFORD,64682.391304347824
COLNE,36904.545454545456
COLWYN BAY,58659.6875
COLYTON,89968.75
CONGLETON,71839.83333333333
CONISTON,146750.0
CONSETT,35790.0
CONWY,61513.88888888889
CORBRIDGE,71305.44444444444
CORBY,39546.6301369863
CORNHILL-ON-TWEED,65500.0
CORSHAM,93702.22727272728
CORWEN,45544.444444444445
COTTINGHAM,67687.90697674418
COULSDON,101395.0
COVENTRY,50842.22846441947
COWBRIDGE,111196.66666666667
COWES,51980.30303030303
CRADLEY HEATH,55406.666666666664
CRAMLINGTON,47574.613333333335
CRANBROOK,115152.0
CRANLEIGH,107564.0
CRAVEN ARMS,64623.333333333336
CRAWLEY,70324.17338709677
CREDITON,62342.142857142855
CREWE,55295.776397515525
CREWKERNE,67775.71428571429
CRICCIETH,41450.0
CRICKHOWELL,74821.42857142857
CROMER,74527.04545454546
CROOK,36013.75
CROWBOROUGH,122973.33333333333
CROWTHORNE,113745.58139534884
CROYDON,71640.80975609756
CRYMYCH,61000.0
CULLOMPTON,58754.875
CWMBRAN,46986.470588235294
DAGENHAM,50764.81481481482
DALTON-IN-FURNESS,52177.27272727273
DARLINGTON,53304.88324873096
DARTFORD,62425.64137931034
DARTMOUTH,98258.33333333333
DARWEN,41712.12871287129
DAVENTRY,60894.42391304348
DAWLISH,46409.7
DEAL,53395.07042253521
DEESIDE,54759.63076923077
DELABOLE,35645.0
DENBIGH,46291.666666666664
DERBY,51045.98426573427
DEREHAM,60380.21212121212
DEVIZES,63298.73333333333
DEWSBURY,44648.333333333336
DIDCOT,66725.15254237287
DINAS POWYS,109464.28571428571
DISS,72434.25
DOLGELLAU,57250.0
DOLWYDDELAN,32125.0
DONCASTER,45984.95167286245
DORCHESTER,77981.1625
DORKING,115701.78571428571
DOVER,57799.5625
DOWNHAM MARKET,53752.96551724138
DRIFFIELD,61557.72972972973
DROITWICH,72233.36538461539
DRONFIELD,67918.30188679245
DRYBROOK,57650.0
DUDLEY,48573.63809523809
DUKINFIELD,44372.63157894737
DULVERTON,74700.0
DUNMOW,94187.85714285714
DUNSTABLE,60809.366197183095
DURHAM,54792.66486486486
DURSLEY,59677.97297297297
DYFFRYN ARDUDWY,45500.0
DYMOCK,105000.0
EAST BOLDON,72890.0
EAST COWES,59925.0
EAST GRINSTEAD,81606.5
EAST MOLESEY,220295.2380952381
EASTBOURNE,59689.75
EASTLEIGH,73943.95061728395
EBBW VALE,33353.46153846154
EDENBRIDGE,114164.35
EDGWARE,88279.03571428571
EGHAM,95162.63636363637
EGREMONT,37776.470588235294
ELLAND,46996.75
ELLESMERE,73053.125
ELLESMERE PORT,60926.868686868685
ELY,62966.6724137931
EMSWORTH,72059.67741935483
ENFIELD,74811.67117117117
EPPING,101372.03703703704
EPSOM,100572.87769784173
ERITH,59550.706896551725
ESHER,193245.16129032258
ETCHINGHAM,80031.25
EVESHAM,66545.9875
EXETER,61382.77181208054
EXMOUTH,59151.59574468085
EYE,64703.35
FAIRBOURNE,18000.0
FAIRFORD,82103.75
FAKENHAM,48375.0
FALMOUTH,63044.53125
FAREHAM,72453.28155339806
FARINGDON,79714.0
FARNBOROUGH,68902.11538461539
FARNHAM,102812.52678571429
FAVERSHAM,66067.41176470589
FELIXSTOWE,61434.90789473684
FELTHAM,67992.57547169812
FERNDALE,20610.714285714286
FERNDOWN,87477.41538461538
FERRYHILL,36434.72222222222
FERRYSIDE,45916.666666666664
FILEY,62371.666666666664
FISHGUARD,41500.0
FLEET,103312.80487804877
FLEETWOOD,39560.204081632655
FLINT,38488.46666666667
FOLKESTONE,51947.51851851852
FORDINGBRIDGE,103196.9696969697
FOREST ROW,90381.81818181818
FOWEY,67000.0
FRESHWATER,62863.63636363636
FRINTON-ON-SEA,79707.8125
FRIZINGTON,34806.25
FRODSHAM,77688.39393939394
FROME,53901.40845070423
GAERWEN,109000.0
GAINSBOROUGH,40030.217391304344
GATESHEAD,40470.66242038216
GERRARDS CROSS,231175.67567567568
GILLINGHAM,55942.43697478992
GLASTONBURY,61516.51515151515
GLOGUE,13000.0
GLOSSOP,61740.36538461538
GLOUCESTER,56699.53896103896
GODALMING,118197.3595505618
GODSTONE,110275.0
GOODWICK,69950.0
GOOLE,47343.805194805194
GOSPORT,51437.64331210191
GRANGE-OVER-SANDS,78111.36363636363
GRANTHAM,55812.30158730159
GRAVESEND,64679.446153846155
GRAYS,59208.66233766234
GREAT MISSENDEN,132212.5
GREAT YARMOUTH,46207.549019607846
GREENFORD,72727.8961038961
GREENHITHE,53078.31034482759
GRIMSBY,43900.739130434784
GUILDFORD,100176.68979591837
GUISBOROUGH,65890.38461538461
GUNNISLAKE,52250.0
HAILSHAM,67286.0843373494
HALESOWEN,60420.58252427184
HALESWORTH,75869.04761904762
HALIFAX,45789.36286919831
HALSTEAD,63481.27118644068
HALTWHISTLE,45890.90909090909
HAMPTON,107545.37037037036
HARLECH,45375.0
HARLESTON,64459.5
HARLOW,63723.421428571426
HARPENDEN,129859.38823529411
HARROGATE,79056.52709359606
HARROW,82938.64705882352
HARTFIELD,188200.0
HARTLEPOOL,43367.74834437086
HARWICH,47806.02040816326
HASLEMERE,107421.14
HASSOCKS,93289.69387755102
HASTINGS,50598.33018867925
HATFIELD,78830.93220338984
HAVANT,61549.20289855073
HAVERFORDWEST,51157.45
HAVERHILL,53669.11111111111
HAWES,65000.0
HAYES,63834.56896551724
HAYLE,43842.59259259259
HAYLING ISLAND,66836.41304347826
HAYWARDS HEATH,100794.19191919192
HEANOR,40907.40740740741
HEATHFIELD,113438.62790697675
HEBBURN,38888.709677419356
HEBDEN BRIDGE,50485.71428571428
HECKMONDWIKE,48049.5
HELSTON,59564.686274509804
HEMEL HEMPSTEAD,87523.165
HENFIELD,105645.83333333333
HENGOED,37732.35294117647
HENLEY-IN-ARDEN,121170.58823529411
HENLEY-ON-THAMES,163455.56603773584
HENLOW,79567.72727272728
HEREFORD,62622.80597014925
HERNE BAY,53890.230769230766
HERTFORD,87565.12871287129
HESSLE,49833.333333333336
HEXHAM,64993.017857142855
HEYWOOD,42225.40740740741
HIGH PEAK,56140.17857142857
HIGH WYCOMBE,90046.83397683398
HIGHBRIDGE,52000.0
HINCKLEY,50300.50632911392
HINDHEAD,103505.26315789473
HINTON ST. GEORGE,114500.0
HITCHIN,75827.59677419355
HOCKLEY,65271.944444444445
HODDESDON,69998.57142857143
HOLMFIRTH,67030.27027027027
HOLMROOK,45666.666666666664
HOLSWORTHY,76540.81818181818
HOLT,69982.29166666667
HOLYHEAD,34602.77777777778
HOLYWELL,46237.291666666664
HONITON,56244.444444444445
HOOK,133603.66666666666
HOPE VALLEY,105836.11111111111
HORLEY,69722.5
HORNCASTLE,47373.23529411765
HORNCHURCH,95171.52380952382
HORNSEA,46476.666666666664
HORSHAM,94551.8170212766
HOUGHTON LE SPRING,44225.620689655174
HOUNSLOW,76675.2688172043
HOVE,64994.608695652176
HUDDERSFIELD,51008.18768328446
HULL,40433.47487001733
HUNGERFORD,95708.33333333333
HUNSTANTON,55136.11111111111
HUNTINGDON,70050.0621761658
HYDE,47360.02469135803
HYTHE,72539.64285714286
IBSTOCK,39019.28571428572
ILFORD,74039.584
ILFRACOMBE,45755.357142857145
ILKESTON,47350.0
ILKLEY,106082.17105263157
ILMINSTER,84693.0
IMMINGHAM,33165.78947368421
INGATESTONE,114961.11111111111
IPSWICH,58709.16780045351
ISLES OF SCILLY,145000.0
ISLEWORTH,83711.1081081081
IVER,100562.5
IVYBRIDGE,63233.942307692305
JARROW,44576.666666666664
KEIGHLEY,47733.91954022989
KENDAL,63067.92207792208
KENILWORTH,85822.30769230769
KENLEY,125132.14285714286
KESTON,235642.85714285713
KESWICK,87856.25
KETTERING,53392.19262295082
KIDDERMINSTER,56120.23809523809
KIDLINGTON,88946.83050847458
KIDWELLY,31700.0
KILGETTY,73737.5
KING'S LYNN,49024.80568720379
KINGS LANGLEY,136026.31578947368
KINGSBRIDGE,82166.66666666667
KINGSTON UPON THAMES,128859.13636363637
KINGSWINFORD,65153.81578947369
KINGTON,71833.33333333333
KIRKBY STEPHEN,63700.0
KIRKBY-IN-FURNESS,60000.0
KNARESBOROUGH,86682.25806451614
KNEBWORTH,99810.41666666667
KNIGHTON,34000.0
KNOTTINGLEY,40949.705882352944
KNUTSFORD,105292.9
LAMPETER,57550.0
LANCASTER,56083.75
LANCING,47249.17910447761
LANGPORT,69861.11111111111
LAUNCESTON,58667.24137931035
LEAMINGTON SPA,67843.16417910448
LEATHERHEAD,169705.37634408602
LECHLADE,88809.58333333333
LEDBURY,69377.05882352941
LEE-ON-THE-SOLENT,68353.95833333333
LEEDS,55730.95652173913
LEEK,53865.57377049181
LEICESTER,56203.997938144326
LEIGH,42157.9375
LEIGH-ON-SEA,64857.434782608696
LEIGHTON BUZZARD,76032.575
LEISTON,38282.5
LEOMINSTER,52513.620689655174
LETCHWORTH GARDEN CITY,64153.9375
LEWES,113430.07936507936
LEYBURN,69884.61538461539
LEYLAND,53412.590361445786
LICHFIELD,75459.80263157895
LIFTON,61666.666666666664
LIGHTWATER,121569.04761904762
LINCOLN,48224.40374331551
LINGFIELD,95670.0
LIPHOOK,105902.1052631579
LISKEARD,47580.541666666664
LISS,82957.69230769231
LITTLEBOROUGH,47285.333333333336
LITTLEHAMPTON,64580.27607361963
LIVERPOOL,47945.24471021159
LIVERSEDGE,52931.38888888889
LLANBEDR,57500.0
LLANBRYNMAIR,28500.0
LLANDEILO,53345.0
LLANDINAM,35000.0
LLANDOVERY,95000.0
LLANDRINDOD WELLS,61241.666666666664
LLANDUDNO,54614.65909090909
LLANDUDNO JUNCTION,42050.0
LLANDYSUL,53722.22222222222
LLANELLI,39070.916666666664
LLANERCHYMEDD,45000.0
LLANFAIRFECHAN,44071.42857142857
LLANFAIRPWLLGWYNGYLL,45500.0
LLANFYLLIN,57666.666666666664
LLANGAMMARCH WELLS,31500.0
LLANGEFNI,44167.666666666664
LLANGOLLEN,108233.33333333333
LLANIDLOES,42062.5
LLANNERCH-Y-MEDD,59950.0
LLANON,47500.0
LLANRHYSTUD,43000.0
LLANRWST,63833.333333333336
LLANTWIT MAJOR,65893.33333333333
LLANWRTYD WELLS,150000.0
LLANYBYDDER,23500.0
LLANYMYNECH,67500.0
LLWYNGWRIL,39000.0
LONDON,117402.27272727272
LONGFIELD,101121.19047619047
LONGHOPE,95190.0
LOOE,67673.5294117647
LOSTWITHIEL,51950.0
LOUGHBOROUGH,63520.547717842324
LOUGHTON,109426.68656716419
LOUTH,47036.82432432433
LOWESTOFT,45293.724137931036
LUDLOW,72492.42424242424
LUTON,51408.36187845304
LUTTERWORTH,72723.57142857143
LYDBROOK,39250.0
LYDBURY NORTH,56000.0
LYDNEY,61603.6
LYME REGIS,61279.41176470588
LYMINGTON,100886.02150537634
LYMM,82370.83333333333
LYNDHURST,122950.0
LYNTON,76350.0
LYTHAM ST ANNES,63135.71428571428
LYTHAM ST. ANNES,68371.26744186046
MABLETHORPE,40762.5
MACCLESFIELD,78899.25850340136
MACHYNLLETH,49000.0
MAESTEG,36014.11111111111
MAIDENHEAD,120224.5976331361
MAIDSTONE,75426.80658436214
MALDON,78992.42
MALMESBURY,111946.08695652174
MALPAS,71596.15384615384
MALTON,68202.44680851063
MALVERN,74451.93333333333
MANCHESTER,45063.58704453441
MANNINGTREE,63970.15625
MANSFIELD,41904.77251184834
MARAZION,43380.0
MARCH,42037.142857142855
MARGATE,42486.04838709677
MARKET DRAYTON,67694.64285714286
MARKET HARBOROUGH,68189.80303030302
MARKET RASEN,47981.818181818184
MARKFIELD,58306.333333333336
MARLBOROUGH,108387.5
MARLOW,158851.16279069768
MARTOCK,53843.25
MARYPORT,36254.76190476191
MATLOCK,57125.0
MAYFIELD,191842.3076923077
MEIFOD,49900.0
MELKSHAM,59234.57142857143
MELTON CONSTABLE,43858.333333333336
MELTON MOWBRAY,58258.17647058824
MENAI BRIDGE,47295.454545454544
MERRIOTT,43500.0
MERTHYR TYDFIL,31271.311475409835
MEXBOROUGH,37522.045454545456
MIDDLESBROUGH,50215.73737373737
MIDDLEWICH,69872.56756756757
MIDHURST,103207.69230769231
MILFORD HAVEN,39958.0
MILLOM,32388.88888888889
MILNTHORPE,64947.444444444445
MILTON KEYNES,62220.0922787194
MINEHEAD,68232.14285714286
MIRFIELD,52006.0
MITCHAM,63095.27777777778
MITCHELDEAN,68933.33333333333
MOELFRE,56000.0
MOLD,58113.46511627907
MONMOUTH,77448.8
MONTGOMERY,32250.0
MOOR ROW,52125.0
MORDEN,79545.52054794521
MORECAMBE,42546.56756756757
MORETON-IN-MARSH,124336.53846153847
MORPETH,58957.555555555555
MOUNTAIN ASH,38473.333333333336
MUCH HADHAM,118685.0
MUCH WENLOCK,61180.0
NANTWICH,81710.20408163265
NARBERTH,51496.153846153844
NEATH,43542.897959183676
NELSON,34996.1875
NESTON,84687.90697674418
NEW MALDEN,108032.7375
NEW MILTON,80756.5
NEW QUAY,38233.333333333336
NEW ROMNEY,51023.42105263158
NEW TREDEGAR,26687.5
NEWARK,56026.74342105263
NEWBIGGIN-BY-THE-SEA,37833.333333333336
NEWBURY,89541.03333333334
NEWCASTLE,47950.555555555555
NEWCASTLE EMLYN,45000.0
NEWCASTLE UPON TYNE,54198.6704
NEWENT,94317.72727272728
NEWHAVEN,53569.48275862069
NEWMARKET,68553.32
NEWNHAM,68187.5
NEWPORT,52713.725761772854
NEWPORT PAGNELL,58258.3
NEWQUAY,53380.67307692308
NEWTON ABBOT,61856.615853658535
NEWTON AYCLIFFE,64872.25
NEWTON-LE-WILLOWS,49978.2972972973
NEWTOWN,49955.5
NORMANTON,47412.06896551724
NORTH FERRIBY,67490.90909090909
NORTH SHIELDS,51007.86666666667
NORTH TAWTON,43416.833333333336
NORTH WALSHAM,51853.86274509804
NORTHALLERTON,63624.69117647059
NORTHAMPTON,59852.53094462541
NORTHOLT,65433.333333333336
NORTHWICH,72041.26262626263
NORTHWOOD,131582.35294117648
NORWICH,58185.59443631039
NOTTINGHAM,52222.00984848485
NUNEATON,50823.293785310736
OAKHAM,84730.13636363637
OKEHAMPTON,65278.333333333336
OLDBURY,41526.05
OLDHAM,41227.85882352941
OLNEY,78471.09756097561
ONGAR,94145.86206896552
ORMSKIRK,74506.43103448275
ORPINGTON,95348.15131578948
OSSETT,50825.59523809524
OSWESTRY,53121.62337662338
OTLEY,62409.65909090909
OTTERY ST MARY,127000.0
OTTERY ST. MARY,83268.18181818182
OXFORD,99276.08070175438
OXTED,122423.75
PADSTOW,72513.08333333333
PAIGNTON,65853.0
PAR,51075.0
PEACEHAVEN,57482.8
PEMBROKE,39481.818181818184
PEMBROKE DOCK,38277.77777777778
PENARTH,78991.43181818182
PENCADER,34500.0
PENMAENMAWR,39111.11111111111
PENRHYNDEUDRAETH,41778.57142857143
PENRITH,58913.57142857143
PENRYN,53076.470588235294
PENTRAETH,33000.0
PENTRE,27172.222222222223
PENZANCE,57406.40243902439
PERRANPORTH,61290.0
PERSHORE,101284.72222222222
PETERBOROUGH,52261.26136363636
PETERLEE,37472.04918032787
PETERSFIELD,107567.44186046511
PETWORTH,126931.81818181818
PEVENSEY,76800.0
PEWSEY,102631.29629629629
PICKERING,64133.7037037037
PINNER,109719.1975308642
PLYMOUTH,50944.367886178865
POLEGATE,59220.28125
PONTEFRACT,47581.485507246376
PONTYCLUN,60895.51219512195
PONTYPOOL,39386.5
PONTYPRIDD,46385.563829787236
POOLE,73165.14153846154
PORT ISAAC,80500.0
PORT TALBOT,40743.117647058825
PORTH,38354.53125
PORTHCAWL,59503.642857142855
PORTHMADOG,64783.333333333336
PORTLAND,37894.230769230766
PORTSMOUTH,50312.36567164179
POTTERS BAR,96095.07936507936
POULTON-LE-FYLDE,60322.65625
PRENTON,52583.0
PRESCOT,52979.57746478873
PRESTATYN,43893.24324324324
PRESTEIGNE,82000.0
PRESTON,54203.04945054945
PRINCES RISBOROUGH,124687.5
PRUDHOE,47726.92307692308
PUDSEY,58387.33884297521
PULBOROUGH,102161.0
PURFLEET,45954.41176470588
PURLEY,118051.35135135135
PWLLHELI,48803.653846153844
QUEENBOROUGH,37336.5
RADLETT,191897.23684210525
RADSTOCK,51299.692307692305
RAINHAM,59955.69047619047
RAMSGATE,45211.1875
RAYLEIGH,76426.3492063492
READING,87960.046686747
REDCAR,46435.50632911392
REDDITCH,64029.54054054054
REDHILL,87624.42201834862
REDRUTH,42164.92537313433
REIGATE,94104.76190476191
RETFORD,52986.27142857143
RHAYADER,55875.0
RHOSGOCH,59500.0
RHYL,43318.19718309859
RICHMOND,133804.78169014084
RICKMANSWORTH,134985.98863636365
RIDING MILL,172529.33333333334
RINGWOOD,101014.16666666667
RIPLEY,45465.95238095238
RIPON,78863.79310344828
ROBERTSBRIDGE,84743.4375
ROCHDALE,45997.01442307692
ROCHESTER,56630.82142857143
ROCHFORD,63348.47826086957
ROMFORD,75125.24742268042
ROMNEY MARSH,63603.06451612903
ROMSEY,92949.26470588235
ROSS-ON-WYE,91648.4054054054
ROSSENDALE,47653.968253968254
ROTHERHAM,40745.387931034486
ROWLAND'S CASTLE,77237.5
ROWLANDS GILL,59726.19047619047
ROWLEY REGIS,52263.75
ROYSTON,95022.74626865672
RUARDEAN,48333.333333333336
RUGBY,57064.63803680982
RUGELEY,58811.1320754717
RUISLIP,89021.15789473684
RUNCORN,51444.02985074627
RUSHDEN,49334.71264367816
RUTHIN,59609.52380952381
RYDE,52430.653333333335
RYE,64047.4358974359
RYTON,59104.76190476191
SAFFRON WALDEN,93858.23943661971
SALCOMBE,144714.2857142857
SALE,66013.34782608696
SALFORD,42366.03252032521
SALISBURY,85525.12019230769
SALTASH,66058.20512820513
SALTBURN-BY-THE-SEA,47620.30508474576
SANDBACH,65273.6231884058
SANDHURST,84806.11111111111
SANDOWN,51312.12244897959
SANDWICH,73331.875
SANDY,67135.5
SAUNDERSFOOT,61250.0
SAWBRIDGEWORTH,74888.0303030303
SAXMUNDHAM,62616.6
SCARBOROUGH,53757.64705882353
SCUNTHORPE,44907.27559055118
SEAFORD,76139.34426229508
SEAHAM,33417.36956521739
SEAHOUSES,44508.333333333336
SEASCALE,57428.57142857143
SEATON,54010.416666666664
SEAVIEW,74161.11111111111
SEDBERGH,84166.66666666667
SELBY,51637.9012345679
SETTLE,78996.0
SEVENOAKS,139524.95867768594
SHAFTESBURY,65588.33333333333
SHANKLIN,46355.92592592593
SHEERNESS,45441.32394366197
SHEFFIELD,49971.870472008784
SHEFFORD,67775.0
SHEPPERTON,107392.85714285714
SHEPTON MALLET,69528.04347826086
SHERBORNE,76902.94444444444
SHERINGHAM,59538.88888888889
SHIFNAL,73061.76470588235
SHILDON,31766.666666666668
SHIPLEY,61370.50602409639
SHIPSTON-ON-STOUR,113917.85714285714
SHOREHAM-BY-SEA,64398.854166666664
SHREWSBURY,63792.39271255061
SIDCUP,82466.11111111111
SIDMOUTH,80804.25531914894
SITTINGBOURNE,59062.40170940171
SKEGNESS,41783.92857142857
SKELMERSDALE,44383.793103448275
SKIPTON,65488.621212121216
SLEAFORD,49228.61616161616
SLOUGH,83291.96028880867
SMETHWICK,35688.106060606064
SNODLAND,51795.63636363636
SOLIHULL,93601.909375
SOMERTON,83494.0
SOUTH BRENT,67178.57142857143
SOUTH CROYDON,90823.125
SOUTH MOLTON,67153.125
SOUTH OCKENDON,55729.880597014926
SOUTH PETHERTON,60810.90909090909
SOUTH SHIELDS,45508.52
SOUTHALL,65743.36363636363
SOUTHAM,66976.72727272728
SOUTHAMPTON,65013.03351955307
SOUTHEND-ON-SEA,52729.79661016949
SOUTHMINSTER,50109.375
SOUTHPORT,59944.68421052631
SOUTHSEA,55540.782051282054
SOUTHWELL,65914.77777777778
SOUTHWOLD,65650.0
SOWERBY BRIDGE,51970.833333333336
SPALDING,46717.6091954023
SPENNYMOOR,39013.42307692308
SPILSBY,55510.0
ST AGNES,58000.0
ST ALBANS,108000.0
ST AUSTELL,75250.0
ST HELENS,52600.0
ST IVES,87175.0
ST LEONARDS-ON-SEA,63125.0
ST NEOTS,59000.0
ST. AGNES,55495.833333333336
ST. ALBANS,99046.79653679654
ST. ASAPH,80875.0
ST. AUSTELL,51653.220338983054
ST. BEES,91000.0
ST. COLUMB,35417.64705882353
ST. HELENS,46678.021164021164
ST. IVES,65345.666666666664
ST. LEONARDS-ON-SEA,47105.29473684211
ST. NEOTS,57835.69662921348
STAFFORD,64429.555555555555
STAINES,83853.0
STAINES-UPON-THAMES,146600.0
STALYBRIDGE,45335.71428571428
STAMFORD,61180.3870967742
STANFORD-LE-HOPE,56685.32894736842
STANLEY,30918.145833333332
STANMORE,105115.38461538461
STANSTED,78866.66666666667
STEVENAGE,64180.37
STEYNING,84217.39130434782
STOCKBRIDGE,125500.0
STOCKPORT,64667.633165829146
STOCKSFIELD,62900.0
STOCKTON-ON-TEES,48838.07089552239
STOKE-ON-TRENT,41651.85294117647
STOKE-SUB-HAMDON,45250.0
STONE,68926.01851851853
STONEHOUSE,58058.529411764706
STOURBRIDGE,68779.4674556213
STOURPORT-ON-SEVERN,67068.75
STOWMARKET,60197.76315789474
STRATFORD-UPON-AVON,95360.20547945205
STREET,52110.81081081081
STROUD,68909.64102564103
STUDLEY,63935.294117647056
STURMINSTER NEWTON,88244.23076923077
SUDBURY,66316.74157303371
SUNBURY-ON-THAMES,122709.83333333333
SUNDERLAND,45145.36821705427
SURBITON,84878.79850746269
SUTTON,84841.43835616438
SUTTON COLDFIELD,86223.84362139918
SUTTON-IN-ASHFIELD,34265.217391304344
SWADLINCOTE,47534.043956043955
SWAFFHAM,55963.0
SWANAGE,87345.16129032258
SWANLEY,79134.16666666667
SWANSCOMBE,41937.5
SWANSEA,51057.8014527845
SWINDON,62501.10597302505
TADCASTER,67708.54545454546
TADLEY,93291.08695652174
TADWORTH,125427.58620689655
TAMWORTH,58051.16818181818
TARPORLEY,88339.80769230769
TAUNTON,68981.75916230367
TAVISTOCK,71573.80952380953
TEDDINGTON,119520.68965517242
TEIGNMOUTH,83074.86111111111
TELFORD,49456.101694915254
TEMPLECOMBE,75472.72727272728
TENBURY WELLS,63152.083333333336
TENBY,57653.125
TENTERDEN,102073.21428571429
TETBURY,75914.70588235294
TEWKESBURY,86460.71428571429
THAME,87658.41463414633
THAMES DITTON,126834.21052631579
THATCHAM,83138.5
THETFORD,49805.27777777778
THIRSK,63789.393939393936
THORNTON HEATH,58433.333333333336
THORNTON-CLEVELEYS,55943.070175438595
TIDWORTH,59469.230769230766
TILBURY,37449.67741935484
TINTAGEL,23250.0
TIPTON,45801.3768115942
TIVERTON,62346.76470588235
TODMORDEN,41918.42105263158
TONBRIDGE,99500.61224489796
TONYPANDY,31204.285714285714
TORPOINT,57567.307692307695
TORQUAY,60497.80689655172
TORRINGTON,50572.22222222222
TOTLAND BAY,86680.0
TOTNES,94822.91666666667
TOWCESTER,86897.5
TREDEGAR,30772.272727272728
TREGARON,35000.0
TREHARRIS,39258.0
TREORCHY,27450.0
TRIMDON STATION,40510.0
TRING,106800.0
TROWBRIDGE,56558.40206185567
TRURO,66674.04273504273
TUNBRIDGE WELLS,87071.00546448087
TWICKENHAM,115582.29007633588
TY CROES,100000.0
TYN-Y-GONGL,46444.444444444445
TYWYN,46090.0
UCKFIELD,114538.81355932204
ULCEBY,46000.0
ULVERSTON,61327.15909090909
UMBERLEIGH,74500.0
UPMINSTER,98866.86274509804
USK,73573.0
UTTOXETER,52442.21428571428
UXBRIDGE,95196.16806722688
VENTNOR,55585.48387096774
VERWOOD,73940.0
VIRGINIA WATER,222454.54545454544
WADEBRIDGE,62183.92857142857
WADHURST,148215.38461538462
WAKEFIELD,59315.342657342655
WALLASEY,40925.60504201681
WALLINGFORD,105615.11627906977
WALLINGTON,76809.45945945945
WALLSEND,42033.721649484534
WALSALL,56632.66885245901
WALSINGHAM,65000.0
WALTHAM ABBEY,78023.125
WALTHAM CROSS,80195.74336283185
WALTON ON THE NAZE,43202.5
WALTON-ON-THAMES,117632.53012048193
WANTAGE,82195.10869565218
WARE,84722.43902439025
WAREHAM,82435.0
WARLEY,18350.0
WARLINGHAM,127579.16666666667
WARMINSTER,71323.51851851853
WARRINGTON,60469.14066496164
WARWICK,82666.92523364486
WASHINGTON,46969.836734693876
WATCHET,75316.66666666667
WATERLOOVILLE,74689.74431818182
WATFORD,72431.90196078431
WATLINGTON,152025.0
WEDMORE,115806.25
WEDNESBURY,38123.75
WELLING,69865.18518518518
WELLINGBOROUGH,43602.65536723164
WELLINGTON,64175.8064516129
WELLS,65838.48837209302
WELLS-NEXT-THE-SEA,97078.33333333333
WELSHPOOL,43668.51851851852
WELWYN,152046.15384615384
WELWYN GARDEN CITY,80306.23762376238
WEMBLEY,72055.04587155963
WEST BROMWICH,42706.04838709677
WEST BYFLEET,101792.68965517242
WEST DRAYTON,73353.44827586207
WEST MALLING,95966.55555555556
WEST MOLESEY,85478.90625
WEST WICKHAM,107911.11111111111
WESTBURY,58103.89189189189
WESTCLIFF-ON-SEA,46282.59166666667
WESTERHAM,104854.11764705883
WESTGATE-ON-SEA,46615.38461538462
WESTON-SUPER-MARE,57935.06542056075
WETHERBY,95896.47540983607
WEYBRIDGE,125223.1884057971
WEYMOUTH,54698.84892086331
WHITBY,63565.09302325582
WHITCHURCH,72875.0
WHITEHAVEN,45365.83720930233
WHITLAND,50500.0
WHITLEY BAY,57628.26530612245
WHITSTABLE,62475.890410958906
WHYTELEAFE,75406.25
WICKFORD,62602.645833333336
WIDNES,51138.23529411765
WIGAN,51456.23482849604
WIGSTON,46848.91549295775
WIGTON,50396.666666666664
WILLENHALL,44920.9649122807
WILMSLOW,100914.10447761194
WIMBORNE,80808.33333333333
WINCANTON,67656.66666666667
WINCHELSEA,61600.0
WINCHESTER,106721.2735042735
WINDERMERE,101029.56521739131
WINDLESHAM,220000.0
WINDSOR,112400.59090909091
WINGATE,18580.0
WINKLEIGH,87700.0
WINSCOMBE,88714.28571428571
WINSFORD,53253.916666666664
WIRRAL,60665.35691318328
WISBECH,42870.733944954125
WITHAM,56465.296875
WITHERNSEA,43534.61538461538
WITNEY,81804.37078651685
WOKING,105804.42639593908
WOKINGHAM,107079.49152542373
WOLVERHAMPTON,58539.708333333336
WOODBRIDGE,79036.35483870968
WOODFORD GREEN,109009.84615384616
WOODHALL SPA,77166.66666666667
WOODSTOCK,108862.5
WOOLACOMBE,71987.5
WOOLER,53507.142857142855
WORCESTER,67131.07324840764
WORCESTER PARK,95178.70370370371
WORKINGTON,35719.30612244898
WORKSOP,47431.21951219512
WORTHING,60445.00597014926
WOTTON-UNDER-EDGE,87681.81818181818
WREXHAM,52529.14457831325
WYLAM,84050.0
WYMONDHAM,65142.42424242424
Y FELINHELI,48000.0
YARM,82396.66666666667
YARMOUTH,69294.44444444444
YATELEY,88920.73170731707
YELVERTON,72740.0
YEOVIL,53154.742647058825
YORK,69345.80855018587
